Taille,Test,CPU,Mem,Action,Structure
26929000,1,12.95,949260,insert,arraylist
26929000,1,11.85,907384,insert,vector
17392000,1,9.69,656500,removeValue_first,arraylist
17392000,1,9.10,622300,removeValue_first,vector
22246000,1,11.31,855556,removeValue_middle,arraylist
22246000,1,11.53,885616,removeValue_middle,vector
11689000,1,5.55,435672,removeValue_last,arraylist
11689000,1,4.42,411956,removeValue_last,vector
23399000,1,11.28,848776,changeValue_first,arraylist
23399000,1,11.46,878868,changeValue_first,vector
27020000,1,12.85,955856,changeValue_middle,arraylist
27020000,1,11.85,886924,changeValue_middle,vector
26744000,1,12.53,949436,changeValue_last,arraylist
26744000,1,11.96,894408,changeValue_last,vector
20652000,1,8.21,772396,getValue_first,arraylist
20652000,1,9.16,673904,getValue_first,vector
30237000,1,13.55,948192,getValue_middle,arraylist
30237000,1,11.99,963956,getValue_middle,vector
12475000,1,5.63,442544,getValue_last,arraylist
12475000,1,4.89,467100,getValue_last,vector
29122000,2,13.36,958760,insert,arraylist
29122000,2,11.67,909708,insert,vector
30793000,2,14.24,957644,removeValue_first,arraylist
30793000,2,12.32,910600,removeValue_first,vector
31027000,2,13.47,953556,removeValue_middle,arraylist
31027000,2,13.91,967012,removeValue_middle,vector
28367000,2,13.25,947592,removeValue_last,arraylist
28367000,2,12.91,944012,removeValue_last,vector
28646000,2,13.23,950160,changeValue_first,arraylist
28646000,2,13.31,929048,changeValue_first,vector
14783000,2,9.47,610896,changeValue_middle,arraylist
14783000,2,5.49,468228,changeValue_middle,vector
19151000,2,9.44,686460,changeValue_last,arraylist
19151000,2,8.88,653240,changeValue_last,vector
13590000,2,5.62,419724,getValue_first,arraylist
13590000,2,5.16,474272,getValue_first,vector
20392000,2,10.52,729936,getValue_middle,arraylist
20392000,2,9.13,667624,getValue_middle,vector
15581000,2,9.52,632568,getValue_last,arraylist
15581000,2,5.30,470448,getValue_last,vector
29481000,3,13.23,954300,insert,arraylist
29481000,3,11.56,893608,insert,vector
14804000,3,9.63,620632,removeValue_first,arraylist
14804000,3,7.70,530404,removeValue_first,vector
15252000,3,10.36,627880,removeValue_middle,arraylist
15252000,3,7.37,538140,removeValue_middle,vector
30006000,3,13.09,956992,removeValue_last,arraylist
30006000,3,13.19,983748,removeValue_last,vector
15184000,3,9.01,622160,changeValue_first,arraylist
15184000,3,7.45,541888,changeValue_first,vector
12443000,3,5.88,432084,changeValue_middle,arraylist
12443000,3,5.02,471036,changeValue_middle,vector
27416000,3,13.13,950900,changeValue_last,arraylist
27416000,3,11.74,892748,changeValue_last,vector
23317000,3,11.83,845908,getValue_first,arraylist
23317000,3,10.18,878920,getValue_first,vector
17305000,3,9.51,657440,getValue_middle,arraylist
17305000,3,8.18,566720,getValue_middle,vector
29237000,3,13.02,958400,getValue_last,arraylist
29237000,3,12.86,946548,getValue_last,vector
17394000,4,8.97,660972,insert,arraylist
17394000,4,7.82,568820,insert,vector
32392000,4,16.74,1170824,removeValue_first,arraylist
32392000,4,14.54,975424,removeValue_first,vector
30496000,4,13.86,950760,removeValue_middle,arraylist
30496000,4,13.56,963128,removeValue_middle,vector
13823000,4,5.71,438000,removeValue_last,arraylist
13823000,4,5.04,467952,removeValue_last,vector
14575000,4,9.17,613604,changeValue_first,arraylist
14575000,4,7.37,528472,changeValue_first,vector
23739000,4,11.61,852844,changeValue_middle,arraylist
23739000,4,11.38,887452,changeValue_middle,vector
13441000,4,5.54,433480,changeValue_last,arraylist
13441000,4,4.82,470364,changeValue_last,vector
15674000,4,9.43,633424,getValue_first,arraylist
15674000,4,7.27,540116,getValue_first,vector
26698000,4,13.41,949728,getValue_middle,arraylist
26698000,4,11.08,911080,getValue_middle,vector
18235000,4,9.65,669712,getValue_last,arraylist
18235000,4,8.57,638596,getValue_last,vector
23991000,5,11.65,853412,insert,arraylist
23991000,5,10.33,873992,insert,vector
15292000,5,9.38,626912,removeValue_first,arraylist
15292000,5,5.87,468196,removeValue_first,vector
22815000,5,10.96,841820,removeValue_middle,arraylist
22815000,5,11.32,893100,removeValue_middle,vector
15300000,5,8.77,623800,removeValue_last,arraylist
15300000,5,7.45,540664,removeValue_last,vector
23933000,5,11.49,847960,changeValue_first,arraylist
23933000,5,11.72,881164,changeValue_first,vector
24620000,5,11.84,852952,changeValue_middle,arraylist
24620000,5,11.79,875504,changeValue_middle,vector
13779000,5,5.76,442816,changeValue_last,arraylist
13779000,5,5.10,467504,changeValue_last,vector
21450000,5,10.90,848832,getValue_first,arraylist
21450000,5,10.33,850912,getValue_first,vector
27822000,5,12.29,929700,getValue_middle,arraylist
27822000,5,11.84,887880,getValue_middle,vector
21274000,5,10.98,851896,getValue_last,arraylist
21274000,5,9.52,874568,getValue_last,vector
28205000,6,13.41,950872,insert,arraylist
28205000,6,11.62,892824,insert,vector
12783000,6,5.75,420444,removeValue_first,arraylist
12783000,6,5.15,467092,removeValue_first,vector
23774000,6,11.53,851096,removeValue_middle,arraylist
23774000,6,11.61,888664,removeValue_middle,vector
10116000,6,5.02,378092,removeValue_last,arraylist
10116000,6,3.84,351096,removeValue_last,vector
31276000,6,14.30,1075808,changeValue_first,arraylist
31276000,6,12.48,949788,changeValue_first,vector
14707000,6,9.18,617872,changeValue_middle,arraylist
14707000,6,7.43,532388,changeValue_middle,vector
25662000,6,11.79,853236,changeValue_last,arraylist
25662000,6,11.36,907272,changeValue_last,vector
15945000,6,9.72,636368,getValue_first,arraylist
15945000,6,8.67,595500,getValue_first,vector
25026000,6,11.23,842364,getValue_middle,arraylist
25026000,6,11.71,885240,getValue_middle,vector
12609000,6,5.71,437660,getValue_last,arraylist
12609000,6,6.26,454892,getValue_last,vector
10707000,7,4.95,377172,insert,arraylist
10707000,7,6.56,453268,insert,vector
30353000,7,14.36,950280,removeValue_first,arraylist
30353000,7,12.90,928380,removeValue_first,vector
15984000,7,10.37,642824,removeValue_middle,arraylist
15984000,7,5.56,476304,removeValue_middle,vector
16259000,7,9.05,641148,removeValue_last,arraylist
16259000,7,7.54,553176,removeValue_last,vector
14848000,7,9.43,619248,changeValue_first,arraylist
14848000,7,7.17,527576,changeValue_first,vector
29199000,7,13.21,947596,changeValue_middle,arraylist
29199000,7,11.38,926256,changeValue_middle,vector
20846000,7,10.66,853652,changeValue_last,arraylist
20846000,7,8.77,723212,changeValue_last,vector
31391000,7,14.49,1082860,getValue_first,arraylist
31391000,7,13.41,941868,getValue_first,vector
25264000,7,12.68,905476,getValue_middle,arraylist
25264000,7,10.70,914460,getValue_middle,vector
20185000,7,10.23,732900,getValue_last,arraylist
20185000,7,9.12,669104,getValue_last,vector
13175000,8,5.92,432760,insert,arraylist
13175000,8,6.94,452208,insert,vector
24887000,8,12.11,853676,removeValue_first,arraylist
24887000,8,10.48,888528,removeValue_first,vector
30866000,8,13.38,957468,removeValue_middle,arraylist
30866000,8,13.61,954368,removeValue_middle,vector
19777000,8,7.56,669012,removeValue_last,arraylist
19777000,8,9.11,663760,removeValue_last,vector
25779000,8,11.56,848752,changeValue_first,arraylist
25779000,8,11.82,889312,changeValue_first,vector
19464000,8,9.45,693092,changeValue_middle,arraylist
19464000,8,7.76,601312,changeValue_middle,vector
10299000,8,4.94,376412,changeValue_last,arraylist
10299000,8,3.74,353928,changeValue_last,vector
20323000,8,10.78,726116,getValue_first,arraylist
20323000,8,9.07,673288,getValue_first,vector
10905000,8,5.50,426104,getValue_middle,arraylist
10905000,8,4.14,418880,getValue_middle,vector
17075000,8,8.97,658084,getValue_last,arraylist
17075000,8,7.44,564968,getValue_last,vector
11267000,9,4.99,375708,insert,arraylist
11267000,9,6.16,450236,insert,vector
16973000,9,9.61,652680,removeValue_first,arraylist
16973000,9,10.24,622384,removeValue_first,vector
29270000,9,13.18,954844,removeValue_middle,arraylist
29270000,9,12.42,938784,removeValue_middle,vector
12878000,9,5.67,446840,removeValue_last,arraylist
12878000,9,5.12,477480,removeValue_last,vector
17349000,9,9.27,655464,changeValue_first,arraylist
17349000,9,8.63,622464,changeValue_first,vector
15159000,9,8.90,624644,changeValue_middle,arraylist
15159000,9,5.19,472348,changeValue_middle,vector
17537000,9,9.19,662756,changeValue_last,arraylist
17537000,9,8.94,625176,changeValue_last,vector
31309000,9,14.11,1077084,getValue_first,arraylist
31309000,9,13.75,943144,getValue_first,vector
27464000,9,13.01,957712,getValue_middle,arraylist
27464000,9,11.82,896364,getValue_middle,vector
27101000,9,12.65,955284,getValue_last,arraylist
27101000,9,12.09,885696,getValue_last,vector
21912000,10,11.57,848436,insert,arraylist
21912000,10,11.64,875852,insert,vector
20051000,10,10.76,734100,removeValue_first,arraylist
20051000,10,9.69,664952,removeValue_first,vector
12890000,10,5.72,437676,removeValue_middle,arraylist
12890000,10,5.00,463180,removeValue_middle,vector
14500000,10,9.06,615144,removeValue_last,arraylist
14500000,10,7.39,517768,removeValue_last,vector
19737000,10,9.78,693652,changeValue_first,arraylist
19737000,10,9.34,653296,changeValue_first,vector
23527000,10,11.85,849244,changeValue_middle,arraylist
23527000,10,11.51,883880,changeValue_middle,vector
14048000,10,8.69,612824,changeValue_last,arraylist
14048000,10,7.40,516396,changeValue_last,vector
24523000,10,11.93,851040,getValue_first,arraylist
24523000,10,10.16,885708,getValue_first,vector
15181000,10,9.11,623680,getValue_middle,arraylist
15181000,10,7.40,530164,getValue_middle,vector
23629000,10,11.62,850376,getValue_last,arraylist
23629000,10,9.90,877520,getValue_last,vector
30069000,11,13.56,953024,insert,arraylist
30069000,11,13.82,957104,insert,vector
26612000,11,13.28,950040,removeValue_first,arraylist
26612000,11,12.50,887812,removeValue_first,vector
20840000,11,10.94,849020,removeValue_middle,arraylist
20840000,11,9.50,693456,removeValue_middle,vector
22746000,11,11.47,839968,removeValue_last,arraylist
22746000,11,9.99,873360,removeValue_last,vector
30681000,11,13.07,953300,changeValue_first,arraylist
30681000,11,13.29,971036,changeValue_first,vector
32182000,11,15.74,1175036,changeValue_middle,arraylist
32182000,11,12.87,975616,changeValue_middle,vector
20976000,11,10.93,853564,changeValue_last,arraylist
20976000,11,9.27,862904,changeValue_last,vector
11415000,11,4.95,379892,getValue_first,arraylist
11415000,11,6.04,453016,getValue_first,vector
10545000,11,4.72,376816,getValue_middle,arraylist
10545000,11,4.10,421924,getValue_middle,vector
25371000,11,12.85,936116,getValue_last,arraylist
25371000,11,11.91,884976,getValue_last,vector
14619000,12,8.96,618760,insert,arraylist
14619000,12,7.20,520104,insert,vector
11058000,12,4.96,380760,removeValue_first,arraylist
11058000,12,4.45,422012,removeValue_first,vector
28909000,12,13.34,956512,removeValue_middle,arraylist
28909000,12,13.79,943304,removeValue_middle,vector
28532000,12,12.85,952552,removeValue_last,arraylist
28532000,12,13.31,967336,removeValue_last,vector
25441000,12,11.55,847232,changeValue_first,arraylist
25441000,12,10.06,880048,changeValue_first,vector
18476000,12,9.51,679224,changeValue_middle,arraylist
18476000,12,9.07,641292,changeValue_middle,vector
24944000,12,11.35,851816,changeValue_last,arraylist
24944000,12,9.96,880940,changeValue_last,vector
13800000,12,5.77,439288,getValue_first,arraylist
13800000,12,7.17,511180,getValue_first,vector
10854000,12,4.89,383396,getValue_middle,arraylist
10854000,12,3.99,419016,getValue_middle,vector
26435000,12,13.34,950176,getValue_last,arraylist
26435000,12,11.89,892360,getValue_last,vector
10245000,13,5.01,376212,insert,arraylist
10245000,13,3.81,351896,insert,vector
20798000,13,11.42,852620,removeValue_first,arraylist
20798000,13,9.60,684240,removeValue_first,vector
27922000,13,13.12,953008,removeValue_middle,arraylist
27922000,13,11.75,917396,removeValue_middle,vector
23283000,13,11.15,848352,removeValue_last,arraylist
23283000,13,11.67,889088,removeValue_last,vector
16751000,13,9.25,649164,changeValue_first,arraylist
16751000,13,8.38,623668,changeValue_first,vector
29680000,13,13.17,955060,changeValue_middle,arraylist
29680000,13,11.51,895072,changeValue_middle,vector
10170000,13,4.87,375780,changeValue_last,arraylist
10170000,13,3.65,355508,changeValue_last,vector
14132000,13,9.14,605520,getValue_first,arraylist
14132000,13,5.29,467096,getValue_first,vector
16464000,13,8.95,649248,getValue_middle,arraylist
16464000,13,8.86,611980,getValue_middle,vector
19385000,13,9.73,686676,getValue_last,arraylist
19385000,13,9.19,651632,getValue_last,vector
27253000,14,13.19,951880,insert,arraylist
27253000,14,11.24,887708,insert,vector
18765000,14,9.78,681048,removeValue_first,arraylist
18765000,14,7.99,591812,removeValue_first,vector
26190000,14,13.02,942400,removeValue_middle,arraylist
26190000,14,12.38,879688,removeValue_middle,vector
14261000,14,9.26,607608,removeValue_last,arraylist
14261000,14,7.39,513264,removeValue_last,vector
28157000,14,13.25,958904,changeValue_first,arraylist
28157000,14,12.89,935076,changeValue_first,vector
13683000,14,6.08,432748,changeValue_middle,arraylist
13683000,14,5.23,464232,changeValue_middle,vector
16988000,14,9.45,650336,changeValue_last,arraylist
16988000,14,8.69,614364,changeValue_last,vector
17388000,14,9.20,657392,getValue_first,arraylist
17388000,14,7.29,569296,getValue_first,vector
16237000,14,9.40,637436,getValue_middle,arraylist
16237000,14,7.27,550048,getValue_middle,vector
19735000,14,9.77,692324,getValue_last,arraylist
19735000,14,9.22,661284,getValue_last,vector
23571000,15,11.36,852472,insert,arraylist
23571000,15,11.52,875512,insert,vector
29623000,15,13.70,939804,removeValue_first,arraylist
29623000,15,14.10,943252,removeValue_first,vector
16097000,15,9.86,673280,removeValue_middle,arraylist
16097000,15,7.60,550620,removeValue_middle,vector
21331000,15,11.41,851260,removeValue_last,arraylist
21331000,15,9.43,865968,removeValue_last,vector
29622000,15,13.48,957820,changeValue_first,arraylist
29622000,15,13.44,936024,changeValue_first,vector
21820000,15,11.33,851348,changeValue_middle,arraylist
21820000,15,10.06,863820,changeValue_middle,vector
30739000,15,13.13,952660,changeValue_last,arraylist
30739000,15,13.05,955592,changeValue_last,vector
19595000,15,9.91,695568,getValue_first,arraylist
19595000,15,9.46,659560,getValue_first,vector
24816000,15,11.92,848984,getValue_middle,arraylist
24816000,15,10.47,860828,getValue_middle,vector
21992000,15,11.56,852528,getValue_last,arraylist
21992000,15,10.31,860028,getValue_last,vector
24721000,16,11.20,856760,insert,arraylist
24721000,16,11.26,879784,insert,vector
11470000,16,5.97,432060,removeValue_first,arraylist
11470000,16,6.56,449440,removeValue_first,vector
16156000,16,9.88,651260,removeValue_middle,arraylist
16156000,16,7.69,553108,removeValue_middle,vector
27986000,16,12.95,956676,removeValue_last,arraylist
27986000,16,13.06,958592,removeValue_last,vector
20264000,16,10.93,728584,changeValue_first,arraylist
20264000,16,8.97,724112,changeValue_first,vector
21843000,16,11.08,846796,changeValue_middle,arraylist
21843000,16,9.64,888640,changeValue_middle,vector
18681000,16,9.50,679048,changeValue_last,arraylist
18681000,16,8.84,642828,changeValue_last,vector
15699000,16,9.56,625736,getValue_first,arraylist
15699000,16,7.45,536412,getValue_first,vector
15560000,16,9.24,629568,getValue_middle,arraylist
15560000,16,5.24,475068,getValue_middle,vector
11776000,16,5.48,415952,getValue_last,arraylist
11776000,16,6.44,451368,getValue_last,vector
21022000,17,11.13,850612,insert,arraylist
21022000,17,10.08,868136,insert,vector
16482000,17,7.31,611592,removeValue_first,arraylist
16482000,17,9.68,621004,removeValue_first,vector
19595000,17,9.89,691360,removeValue_middle,arraylist
19595000,17,10.14,669448,removeValue_middle,vector
18130000,17,9.30,673588,removeValue_last,arraylist
18130000,17,8.98,637160,removeValue_last,vector
15762000,17,9.05,628436,changeValue_first,arraylist
15762000,17,5.24,472328,changeValue_first,vector
18402000,17,9.45,679328,changeValue_middle,arraylist
18402000,17,7.72,579764,changeValue_middle,vector
24428000,17,11.64,852956,changeValue_last,arraylist
24428000,17,11.03,893940,changeValue_last,vector
26913000,17,12.56,955968,getValue_first,arraylist
26913000,17,11.83,887868,getValue_first,vector
26576000,17,12.79,941128,getValue_middle,arraylist
26576000,17,11.16,919532,getValue_middle,vector
16052000,17,9.09,643544,getValue_last,arraylist
16052000,17,5.41,479396,getValue_last,vector
19554000,18,9.69,690220,insert,arraylist
19554000,18,8.89,697188,insert,vector
28102000,18,13.64,949744,removeValue_first,arraylist
28102000,18,13.38,953860,removeValue_first,vector
11529000,18,5.71,439260,removeValue_middle,arraylist
11529000,18,4.42,417800,removeValue_middle,vector
23315000,18,11.22,853780,removeValue_last,arraylist
23315000,18,11.19,882060,removeValue_last,vector
30204000,18,13.62,950548,changeValue_first,arraylist
30204000,18,13.59,959896,changeValue_first,vector
25801000,18,12.40,950312,changeValue_middle,arraylist
25801000,18,11.66,885796,changeValue_middle,vector
27160000,18,12.52,959568,changeValue_last,arraylist
27160000,18,12.06,874460,changeValue_last,vector
25632000,18,12.08,847780,getValue_first,arraylist
25632000,18,12.03,885772,getValue_first,vector
12921000,18,5.97,445832,getValue_middle,arraylist
12921000,18,5.15,467004,getValue_middle,vector
15628000,18,9.14,628432,getValue_last,arraylist
15628000,18,7.42,543232,getValue_last,vector
28898000,19,14.10,956220,insert,arraylist
28898000,19,12.15,914544,insert,vector
17702000,19,9.57,665620,removeValue_first,arraylist
17702000,19,9.74,644092,removeValue_first,vector
17053000,19,9.58,652092,removeValue_middle,arraylist
17053000,19,9.36,626100,removeValue_middle,vector
29031000,19,13.27,952100,removeValue_last,arraylist
29031000,19,11.38,907944,removeValue_last,vector
12379000,19,5.38,419536,changeValue_first,arraylist
12379000,19,4.86,467800,changeValue_first,vector
17131000,19,9.45,655944,changeValue_middle,arraylist
17131000,19,8.59,621568,changeValue_middle,vector
22330000,19,11.13,854740,changeValue_last,arraylist
22330000,19,11.67,878472,changeValue_last,vector
10434000,19,4.65,365736,getValue_first,arraylist
10434000,19,3.65,352200,getValue_first,vector
30622000,19,13.36,950920,getValue_middle,arraylist
30622000,19,13.10,948960,getValue_middle,vector
13473000,19,5.66,435112,getValue_last,arraylist
13473000,19,5.08,469392,getValue_last,vector
27366000,20,13.08,947148,insert,arraylist
27366000,20,11.58,885076,insert,vector
17383000,20,9.62,662056,removeValue_first,arraylist
17383000,20,7.95,573836,removeValue_first,vector
31790000,20,15.65,1173532,removeValue_middle,arraylist
31790000,20,13.26,996128,removeValue_middle,vector
21184000,20,10.99,845068,removeValue_last,arraylist
21184000,20,9.68,873104,removeValue_last,vector
25296000,20,12.19,842664,changeValue_first,arraylist
25296000,20,12.14,880252,changeValue_first,vector
31873000,20,20.56,1223796,changeValue_middle,arraylist
31873000,20,13.97,944952,changeValue_middle,vector
13362000,20,6.16,431992,changeValue_last,arraylist
13362000,20,5.36,468268,changeValue_last,vector
27387000,20,13.18,958296,getValue_first,arraylist
27387000,20,12.54,868284,getValue_first,vector
17348000,20,9.71,650904,getValue_middle,arraylist
17348000,20,9.64,628096,getValue_middle,vector
22877000,20,11.62,848380,getValue_last,arraylist
22877000,20,11.41,881348,getValue_last,vector
29750000,21,13.43,950672,insert,arraylist
29750000,21,13.15,934240,insert,vector
30412000,21,13.84,938712,removeValue_first,arraylist
30412000,21,13.71,974792,removeValue_first,vector
20859000,21,11.43,852916,removeValue_middle,arraylist
20859000,21,9.22,711068,removeValue_middle,vector
27785000,21,13.21,955596,removeValue_last,arraylist
27785000,21,12.43,883692,removeValue_last,vector
17533000,21,9.61,660080,changeValue_first,arraylist
17533000,21,8.44,626568,changeValue_first,vector
25626000,21,11.38,855632,changeValue_middle,arraylist
25626000,21,10.69,913628,changeValue_middle,vector
30254000,21,13.35,951404,changeValue_last,arraylist
30254000,21,13.29,950268,changeValue_last,vector
26181000,21,13.12,953652,getValue_first,arraylist
26181000,21,11.48,890408,getValue_first,vector
25604000,21,11.41,851880,getValue_middle,arraylist
25604000,21,10.63,919632,getValue_middle,vector
29053000,21,13.56,954028,getValue_last,arraylist
29053000,21,13.15,952228,getValue_last,vector
26208000,22,12.93,936856,insert,arraylist
26208000,22,11.18,902764,insert,vector
19182000,22,9.75,684624,removeValue_first,arraylist
19182000,22,9.68,655628,removeValue_first,vector
20375000,22,11.12,719236,removeValue_middle,arraylist
20375000,22,9.85,669804,removeValue_middle,vector
29197000,22,14.44,947852,removeValue_last,arraylist
29197000,22,12.85,969792,removeValue_last,vector
26133000,22,12.99,954820,changeValue_first,arraylist
26133000,22,11.73,878192,changeValue_first,vector
12627000,22,5.56,432548,changeValue_middle,arraylist
12627000,22,5.03,460172,changeValue_middle,vector
27670000,22,13.28,956076,changeValue_last,arraylist
27670000,22,12.10,892684,changeValue_last,vector
18511000,22,9.62,671120,getValue_first,arraylist
18511000,22,9.31,638924,getValue_first,vector
27048000,22,13.22,945408,getValue_middle,arraylist
27048000,22,11.28,917604,getValue_middle,vector
10875000,22,5.88,420320,getValue_last,arraylist
10875000,22,4.01,422076,getValue_last,vector
12337000,23,5.74,437004,insert,arraylist
12337000,23,6.27,451060,insert,vector
32440000,23,21.15,1231412,removeValue_first,arraylist
32440000,23,14.28,948972,removeValue_first,vector
18763000,23,9.88,680900,removeValue_middle,arraylist
18763000,23,9.80,652552,removeValue_middle,vector
28314000,23,12.70,918940,removeValue_last,arraylist
28314000,23,11.63,924932,removeValue_last,vector
32273000,23,15.74,1174504,changeValue_first,arraylist
32273000,23,13.11,995360,changeValue_first,vector
18984000,23,9.48,682504,changeValue_middle,arraylist
18984000,23,7.60,595468,changeValue_middle,vector
21279000,23,11.19,852272,changeValue_last,arraylist
21279000,23,9.93,874496,changeValue_last,vector
20128000,23,10.50,726320,getValue_first,arraylist
20128000,23,8.67,714672,getValue_first,vector
23638000,23,11.13,850248,getValue_middle,arraylist
23638000,23,9.80,888156,getValue_middle,vector
12809000,23,5.42,435300,getValue_last,arraylist
12809000,23,4.96,469448,getValue_last,vector
27272000,24,12.96,942496,insert,arraylist
27272000,24,13.33,939804,insert,vector
17694000,24,9.56,667524,removeValue_first,arraylist
17694000,24,7.80,580128,removeValue_first,vector
21958000,24,11.61,848388,removeValue_middle,arraylist
21958000,24,10.66,866052,removeValue_middle,vector
28919000,24,13.37,949548,removeValue_last,arraylist
28919000,24,11.44,915972,removeValue_last,vector
30977000,24,13.63,945592,changeValue_first,arraylist
30977000,24,13.36,938892,changeValue_first,vector
20157000,24,10.53,729392,changeValue_middle,arraylist
20157000,24,9.18,686480,changeValue_middle,vector
10806000,24,4.99,375320,changeValue_last,arraylist
10806000,24,6.25,454044,changeValue_last,vector
31428000,24,20.21,1211904,getValue_first,arraylist
31428000,24,13.69,947208,getValue_first,vector
27921000,24,12.92,954184,getValue_middle,arraylist
27921000,24,12.44,884968,getValue_middle,vector
10996000,24,5.33,416868,getValue_last,arraylist
10996000,24,4.21,419916,getValue_last,vector
11258000,25,5.24,377204,insert,arraylist
11258000,25,4.32,419400,insert,vector
15245000,25,9.63,627704,removeValue_first,arraylist
15245000,25,7.32,543316,removeValue_first,vector
15971000,25,9.62,671296,removeValue_middle,arraylist
15971000,25,7.63,543808,removeValue_middle,vector
23917000,25,11.52,842328,removeValue_last,arraylist
23917000,25,9.95,874632,removeValue_last,vector
19331000,25,9.57,689580,changeValue_first,arraylist
19331000,25,8.89,655240,changeValue_first,vector
25993000,25,12.30,949772,changeValue_middle,arraylist
25993000,25,11.48,933032,changeValue_middle,vector
19073000,25,9.88,687544,changeValue_last,arraylist
19073000,25,9.16,651920,changeValue_last,vector
31421000,25,15.63,1170780,getValue_first,arraylist
31421000,25,12.68,993144,getValue_first,vector
19256000,25,9.75,687712,getValue_middle,arraylist
19256000,25,9.28,651656,getValue_middle,vector
19450000,25,9.50,689976,getValue_last,arraylist
19450000,25,8.50,687380,getValue_last,vector
13825000,26,6.19,439288,insert,arraylist
13825000,26,7.44,509124,insert,vector
22378000,26,11.40,856496,removeValue_first,arraylist
22378000,26,9.86,882632,removeValue_first,vector
10485000,26,4.58,369968,removeValue_middle,arraylist
10485000,26,3.97,349400,removeValue_middle,vector
31138000,26,13.61,954012,removeValue_last,arraylist
31138000,26,13.84,932564,removeValue_last,vector
28020000,26,12.72,957192,changeValue_first,arraylist
28020000,26,11.03,904912,changeValue_first,vector
30906000,26,13.67,950188,changeValue_middle,arraylist
30906000,26,13.35,938808,changeValue_middle,vector
14397000,26,9.27,613580,changeValue_last,arraylist
14397000,26,5.02,467256,changeValue_last,vector
22353000,26,11.41,851844,getValue_first,arraylist
22353000,26,10.09,867824,getValue_first,vector
18904000,26,9.67,680532,getValue_middle,arraylist
18904000,26,7.80,602340,getValue_middle,vector
15260000,26,9.06,627040,getValue_last,arraylist
15260000,26,7.51,544932,getValue_last,vector
17842000,27,9.39,667512,insert,arraylist
17842000,27,7.62,577524,insert,vector
20796000,27,11.02,851124,removeValue_first,arraylist
20796000,27,9.70,683552,removeValue_first,vector
29751000,27,13.78,956228,removeValue_middle,arraylist
29751000,27,13.46,979468,removeValue_middle,vector
32499000,27,19.75,1220564,removeValue_last,arraylist
32499000,27,13.61,991740,removeValue_last,vector
11595000,27,5.44,438612,changeValue_first,arraylist
11595000,27,4.47,414380,changeValue_first,vector
11539000,27,5.58,436972,changeValue_middle,arraylist
11539000,27,4.26,423936,changeValue_middle,vector
16820000,27,9.26,645932,changeValue_last,arraylist
16820000,27,7.48,559396,changeValue_last,vector
12817000,27,5.42,451492,getValue_first,arraylist
12817000,27,6.40,449992,getValue_first,vector
12941000,27,5.92,434472,getValue_middle,arraylist
12941000,27,5.05,466744,getValue_middle,vector
31322000,27,14.47,1073528,getValue_last,arraylist
31322000,27,13.17,941844,getValue_last,vector
18259000,28,9.71,668524,insert,arraylist
18259000,28,8.01,584140,insert,vector
22384000,28,11.26,851424,removeValue_first,arraylist
22384000,28,9.82,863108,removeValue_first,vector
32361000,28,15.85,1179312,removeValue_middle,arraylist
32361000,28,13.10,976476,removeValue_middle,vector
11215000,28,5.32,418900,removeValue_last,arraylist
11215000,28,6.04,451892,removeValue_last,vector
18911000,28,9.31,685912,changeValue_first,arraylist
18911000,28,8.95,648432,changeValue_first,vector
16464000,28,9.42,644916,changeValue_middle,arraylist
16464000,28,8.63,606328,changeValue_middle,vector
26330000,28,12.68,928196,changeValue_last,arraylist
26330000,28,12.21,871088,changeValue_last,vector
16498000,28,9.55,647804,getValue_first,arraylist
16498000,28,7.76,550452,getValue_first,vector
16155000,28,9.88,641956,getValue_middle,arraylist
16155000,28,7.94,549060,getValue_middle,vector
11206000,28,5.13,378448,getValue_last,arraylist
11206000,28,6.39,450356,getValue_last,vector
27390000,29,13.36,956560,insert,arraylist
27390000,29,11.95,884660,insert,vector
29037000,29,13.46,956188,removeValue_first,arraylist
29037000,29,14.05,955336,removeValue_first,vector
27302000,29,14.04,951324,removeValue_middle,arraylist
27302000,29,11.59,921588,removeValue_middle,vector
29595000,29,12.72,951080,removeValue_last,arraylist
29595000,29,11.32,918144,removeValue_last,vector
24342000,29,11.34,854908,changeValue_first,arraylist
24342000,29,11.65,883960,changeValue_first,vector
13003000,29,5.58,437464,changeValue_middle,arraylist
13003000,29,5.02,467256,changeValue_middle,vector
17375000,29,9.34,658500,changeValue_last,arraylist
17375000,29,7.85,573660,changeValue_last,vector
18045000,29,9.67,667452,getValue_first,arraylist
18045000,29,8.93,638424,getValue_first,vector
25247000,29,11.89,851908,getValue_middle,arraylist
25247000,29,10.67,921148,getValue_middle,vector
26398000,29,12.55,958760,getValue_last,arraylist
26398000,29,12.04,886336,getValue_last,vector
27580000,30,13.33,957632,insert,arraylist
27580000,30,11.68,902964,insert,vector
24534000,30,11.85,846180,removeValue_first,arraylist
24534000,30,11.82,888972,removeValue_first,vector
26309000,30,13.18,952960,removeValue_middle,arraylist
26309000,30,11.43,922416,removeValue_middle,vector
14070000,30,6.89,579324,removeValue_last,arraylist
14070000,30,7.36,515300,removeValue_last,vector
22726000,30,11.60,846952,changeValue_first,arraylist
22726000,30,10.96,888596,changeValue_first,vector
17493000,30,9.13,663092,changeValue_middle,arraylist
17493000,30,7.86,570680,changeValue_middle,vector
24307000,30,11.64,852444,changeValue_last,arraylist
24307000,30,10.36,871792,changeValue_last,vector
21712000,30,11.42,851456,getValue_first,arraylist
21712000,30,10.27,855972,getValue_first,vector
18945000,30,9.83,681280,getValue_middle,arraylist
18945000,30,8.90,653168,getValue_middle,vector
11258000,30,4.98,376632,getValue_last,arraylist
11258000,30,4.05,420260,getValue_last,vector
22542000,31,11.71,850964,insert,arraylist
22542000,31,9.88,852776,insert,vector
11758000,31,5.84,432960,removeValue_first,arraylist
11758000,31,4.41,418432,removeValue_first,vector
31130000,31,13.62,954576,removeValue_middle,arraylist
31130000,31,12.56,969780,removeValue_middle,vector
10048000,31,4.79,377652,removeValue_last,arraylist
10048000,31,3.87,350384,removeValue_last,vector
30258000,31,13.18,954844,changeValue_first,arraylist
30258000,31,11.12,904512,changeValue_first,vector
27564000,31,13.14,953832,changeValue_middle,arraylist
27564000,31,11.07,923240,changeValue_middle,vector
32399000,31,15.29,1167680,changeValue_last,arraylist
32399000,31,13.58,946976,changeValue_last,vector
26306000,31,12.29,936436,getValue_first,arraylist
26306000,31,11.47,898036,getValue_first,vector
25342000,31,11.45,851896,getValue_middle,arraylist
25342000,31,11.07,916144,getValue_middle,vector
11464000,31,5.50,418956,getValue_last,arraylist
11464000,31,4.21,415024,getValue_last,vector
16139000,32,9.28,638496,insert,arraylist
16139000,32,7.67,545984,insert,vector
21314000,32,11.38,854500,removeValue_first,arraylist
21314000,32,10.23,851904,removeValue_first,vector
10280000,32,4.79,382328,removeValue_middle,arraylist
10280000,32,4.05,352160,removeValue_middle,vector
15116000,32,8.77,624016,removeValue_last,arraylist
15116000,32,5.16,471384,removeValue_last,vector
24723000,32,11.35,852616,changeValue_first,arraylist
24723000,32,11.60,884176,changeValue_first,vector
24226000,32,11.60,849660,changeValue_middle,arraylist
24226000,32,9.25,882092,changeValue_middle,vector
25166000,32,11.47,849364,changeValue_last,arraylist
25166000,32,10.17,871136,changeValue_last,vector
26847000,32,13.34,950028,getValue_first,arraylist
26847000,32,11.71,886108,getValue_first,vector
31672000,32,13.88,1082848,getValue_middle,arraylist
31672000,32,13.77,940244,getValue_middle,vector
24428000,32,11.73,855412,getValue_last,arraylist
24428000,32,10.16,866668,getValue_last,vector
11653000,33,5.88,438936,insert,arraylist
11653000,33,4.36,413964,insert,vector
14125000,33,9.72,623084,removeValue_first,arraylist
14125000,33,7.50,525432,removeValue_first,vector
11397000,33,5.25,378384,removeValue_middle,arraylist
11397000,33,6.83,484692,removeValue_middle,vector
31852000,33,16.14,1167504,removeValue_last,arraylist
31852000,33,13.81,941692,removeValue_last,vector
20623000,33,10.31,723788,changeValue_first,arraylist
20623000,33,9.29,723060,changeValue_first,vector
22287000,33,11.45,844628,changeValue_middle,arraylist
22287000,33,9.76,881716,changeValue_middle,vector
13030000,33,6.01,437572,changeValue_last,arraylist
13030000,33,5.01,471064,changeValue_last,vector
14866000,33,9.15,617924,getValue_first,arraylist
14866000,33,5.20,470012,getValue_first,vector
21073000,33,11.25,847988,getValue_middle,arraylist
21073000,33,9.80,851860,getValue_middle,vector
22976000,33,11.25,848688,getValue_last,arraylist
22976000,33,9.66,886220,getValue_last,vector
32523000,34,15.79,1165684,insert,arraylist
32523000,34,13.65,947900,insert,vector
13492000,34,5.87,451020,removeValue_first,arraylist
13492000,34,7.06,459736,removeValue_first,vector
16399000,34,9.92,652924,removeValue_middle,arraylist
16399000,34,9.23,612204,removeValue_middle,vector
27934000,34,12.74,955428,removeValue_last,arraylist
27934000,34,11.04,916868,removeValue_last,vector
31631000,34,15.16,1174940,changeValue_first,arraylist
31631000,34,13.87,969012,changeValue_first,vector
29796000,34,13.58,950168,changeValue_middle,arraylist
29796000,34,11.52,918660,changeValue_middle,vector
22273000,34,11.00,850984,changeValue_last,arraylist
22273000,34,9.56,875356,changeValue_last,vector
16205000,34,9.42,638824,getValue_first,arraylist
16205000,34,7.48,543876,getValue_first,vector
23749000,34,11.87,849756,getValue_middle,arraylist
23749000,34,9.79,873720,getValue_middle,vector
15310000,34,9.29,629636,getValue_last,arraylist
15310000,34,7.05,545480,getValue_last,vector
15090000,35,9.32,625200,insert,arraylist
15090000,35,7.54,531452,insert,vector
11978000,35,5.89,435632,removeValue_first,arraylist
11978000,35,4.48,420176,removeValue_first,vector
22662000,35,11.07,840644,removeValue_middle,arraylist
22662000,35,11.76,883504,removeValue_middle,vector
16878000,35,9.12,653388,removeValue_last,arraylist
16878000,35,7.74,563424,removeValue_last,vector
27259000,35,12.82,946524,changeValue_first,arraylist
27259000,35,11.11,904368,changeValue_first,vector
15878000,35,9.11,636108,changeValue_middle,arraylist
15878000,35,5.40,475544,changeValue_middle,vector
19769000,35,9.64,690912,changeValue_last,arraylist
19769000,35,8.94,667312,changeValue_last,vector
20262000,35,10.55,734084,getValue_first,arraylist
20262000,35,9.20,674280,getValue_first,vector
19938000,35,10.12,698452,getValue_middle,arraylist
19938000,35,9.02,665232,getValue_middle,vector
28204000,35,12.96,955160,getValue_last,arraylist
28204000,35,11.01,907552,getValue_last,vector
10651000,36,4.65,381492,insert,arraylist
10651000,36,6.40,454964,insert,vector
15207000,36,9.43,624208,removeValue_first,arraylist
15207000,36,5.80,478344,removeValue_first,vector
23674000,36,11.89,851436,removeValue_middle,arraylist
23674000,36,11.69,894020,removeValue_middle,vector
30119000,36,13.30,957000,removeValue_last,arraylist
30119000,36,13.14,966416,removeValue_last,vector
11290000,36,5.11,383260,changeValue_first,arraylist
11290000,36,6.22,455796,changeValue_first,vector
28220000,36,13.36,937816,changeValue_middle,arraylist
28220000,36,11.35,935728,changeValue_middle,vector
22324000,36,10.93,846928,changeValue_last,arraylist
22324000,36,10.01,870320,changeValue_last,vector
10278000,36,4.70,376044,getValue_first,arraylist
10278000,36,3.50,351808,getValue_first,vector
21780000,36,11.52,851108,getValue_middle,arraylist
21780000,36,9.98,855916,getValue_middle,vector
19140000,36,9.46,691784,getValue_last,arraylist
19140000,36,8.58,652316,getValue_last,vector
14949000,37,9.19,622772,insert,arraylist
14949000,37,7.55,526800,insert,vector
26095000,37,13.15,913232,removeValue_first,arraylist
26095000,37,12.54,884104,removeValue_first,vector
13137000,37,6.20,439056,removeValue_middle,arraylist
13137000,37,6.53,455052,removeValue_middle,vector
18651000,37,9.34,681152,removeValue_last,arraylist
18651000,37,8.81,645056,removeValue_last,vector
18127000,37,9.05,668200,changeValue_first,arraylist
18127000,37,7.82,584996,changeValue_first,vector
32462000,37,15.57,1170428,changeValue_middle,arraylist
32462000,37,13.89,938380,changeValue_middle,vector
14832000,37,8.93,621308,changeValue_last,arraylist
14832000,37,7.42,528684,changeValue_last,vector
26782000,37,12.79,951912,getValue_first,arraylist
26782000,37,12.05,868876,getValue_first,vector
30302000,37,13.57,945980,getValue_middle,arraylist
30302000,37,11.50,902532,getValue_middle,vector
13937000,37,9.07,602720,getValue_last,arraylist
13937000,37,6.61,466048,getValue_last,vector
15760000,38,9.03,633228,insert,arraylist
15760000,38,7.76,536624,insert,vector
16507000,38,9.89,636408,removeValue_first,arraylist
16507000,38,10.18,618076,removeValue_first,vector
31671000,38,21.42,1212916,removeValue_middle,arraylist
31671000,38,13.53,1002528,removeValue_middle,vector
14757000,38,9.27,614740,removeValue_last,arraylist
14757000,38,5.26,468688,removeValue_last,vector
15518000,38,9.37,628780,changeValue_first,arraylist
15518000,38,7.17,531136,changeValue_first,vector
15023000,38,9.18,620124,changeValue_middle,arraylist
15023000,38,5.29,468188,changeValue_middle,vector
24487000,38,10.99,838164,changeValue_last,arraylist
24487000,38,11.82,881312,changeValue_last,vector
32748000,38,16.43,1173976,getValue_first,arraylist
32748000,38,13.51,965776,getValue_first,vector
26988000,38,12.44,941164,getValue_middle,arraylist
26988000,38,11.26,927396,getValue_middle,vector
29044000,38,13.29,940912,getValue_last,arraylist
29044000,38,13.22,939104,getValue_last,vector
27117000,39,13.36,950992,insert,arraylist
27117000,39,12.07,879812,insert,vector
28681000,39,12.99,956232,removeValue_first,arraylist
28681000,39,14.12,941716,removeValue_first,vector
26693000,39,13.40,948584,removeValue_middle,arraylist
26693000,39,11.32,927300,removeValue_middle,vector
15894000,39,9.31,634680,removeValue_last,arraylist
15894000,39,5.45,478404,removeValue_last,vector
32098000,39,15.68,1178520,changeValue_first,arraylist
32098000,39,13.72,939852,changeValue_first,vector
19889000,39,9.74,695432,changeValue_middle,arraylist
19889000,39,9.09,664280,changeValue_middle,vector
18073000,39,9.62,669816,changeValue_last,arraylist
18073000,39,8.78,637904,changeValue_last,vector
21418000,39,11.47,840884,getValue_first,arraylist
21418000,39,9.88,868436,getValue_first,vector
27800000,39,13.48,944476,getValue_middle,arraylist
27800000,39,11.70,883892,getValue_middle,vector
10164000,39,4.56,365708,getValue_last,arraylist
10164000,39,3.59,355276,getValue_last,vector
21805000,40,11.36,848844,insert,arraylist
21805000,40,9.82,869532,insert,vector
10197000,40,5.21,379036,removeValue_first,arraylist
